state,district,tehsil
Delhi,New Delhi,Chanakyapuri
Delhi,New Delhi,Connaught Place
Delhi,Central Delhi,Darya Ganj
Delhi,Central Delhi,Pahar Ganj
Delhi,East Delhi,Gandhi Nagar
Delhi,East Delhi,Preet Vihar
Delhi,North Delhi,Model Town
Delhi,North Delhi,Sadar Bazar
Delhi,North East Delhi,Seelampur
Delhi,North East Delhi,Shahdara (Tehsil)
Delhi,North West Delhi,Saraswati Vihar
Delhi,North West Delhi,Rohini
Delhi,Shahdara,Vivek Vihar
Delhi,Shahdara,Seemapuri
Delhi,South Delhi,Hauz Khas
Delhi,South Delhi,Saket
Delhi,South East Delhi,Kalkaji
Delhi,South East Delhi,Sarita Vihar
Delhi,South West Delhi,Dwarka
Delhi,South West Delhi,Kapashhera
Delhi,West Delhi,Patel Nagar
Delhi,West Delhi,Rajouri Garden
